{"[203, 8, 225, 36]": {"area": 477.0, "perimeter": 80.76955262170047, "aspect_ratio": 0.7857142857142857}, "[472, 8, 504, 38]": {"area": 746.0, "perimeter": 100.66904755831214, "aspect_ratio": 1.0666666666666667}, "[57, 16, 64, 24]": {"area": 51.0, "perimeter": 23.65685424949238, "aspect_ratio": 0.875}, "[518, 23, 535, 42]": {"area": 282.0, "perimeter": 60.38477631085023, "aspect_ratio": 0.8947368421052632}, "[423, 24, 447, 47]": {"area": 432.0, "perimeter": 74.76955262170047, "aspect_ratio": 1.0434782608695652}, "[360, 25, 374, 39]": {"area": 150.0, "perimeter": 43.21320343559643, "aspect_ratio": 1.0}, "[397, 26, 412, 41]": {"area": 182.0, "perimeter": 47.21320343559643, "aspect_ratio": 1.0}, "[11, 28, 52, 66]": {"area": 1250.0, "perimeter": 130.5685424949238, "aspect_ratio": 1.0789473684210527}, "[190, 29, 205, 42]": {"area": 149.0, "perimeter": 43.21320343559643, "aspect_ratio": 1.1538461538461537}, "[541, 29, 582, 58]": {"area": 929.0, "perimeter": 113.74011537017762, "aspect_ratio": 1.4137931034482758}, "[453, 31, 460, 39]": {"area": 50.0, "perimeter": 23.071067811865476, "aspect_ratio": 0.875}, "[73, 41, 85, 52]": {"area": 116.0, "perimeter": 37.31370849898475, "aspect_ratio": 1.0909090909090908}, "[253, 47, 283, 74]": {"area": 590.0, "perimeter": 90.08326112068524, "aspect_ratio": 1.1111111111111112}, "[459, 49, 475, 66]": {"area": 218.0, "perimeter": 52.04163056034261, "aspect_ratio": 0.9411764705882353}, "[145, 51, 167, 76]": {"area": 369.0, "perimeter": 73.01219330881975, "aspect_ratio": 0.88}, "[119, 54, 144, 85]": {"area": 526.0, "perimeter": 87.49747468305833, "aspect_ratio": 0.8064516129032258}, "[386, 59, 406, 78]": {"area": 308.0, "perimeter": 62.284271247461895, "aspect_ratio": 1.0526315789473684}, "[294, 60, 375, 154]": {"area": 4860.0, "perimeter": 290.0071426749364, "aspect_ratio": 0.8617021276595744}, "[516, 61, 527, 73]": {"area": 108.0, "perimeter": 36.142135623730944, "aspect_ratio": 0.9166666666666666}, "[93, 63, 109, 82]": {"area": 251.0, "perimeter": 57.21320343559642, "aspect_ratio": 0.8421052631578947}, "[437, 67, 447, 77]": {"area": 68.0, "perimeter": 28.97056274847714, "aspect_ratio": 1.0}, "[446, 70, 460, 87]": {"area": 186.0, "perimeter": 49.21320343559642, "aspect_ratio": 0.8235294117647058}, "[193, 71, 201, 79]": {"area": 54.0, "perimeter": 24.48528137423857, "aspect_ratio": 1.0}, "[246, 75, 256, 92]": {"area": 126.0, "perimeter": 44.384776310850235, "aspect_ratio": 0.5882352941176471}, "[64, 81, 104, 119]": {"area": 1169.0, "perimeter": 125.63961030678928, "aspect_ratio": 1.0526315789473684}, "[36, 82, 50, 96]": {"area": 153.0, "perimeter": 43.79898987322333, "aspect_ratio": 1.0}, "[468, 83, 491, 105]": {"area": 409.0, "perimeter": 71.94112549695427, "aspect_ratio": 1.0454545454545454}, "[174, 87, 189, 103]": {"area": 191.0, "perimeter": 48.62741699796952, "aspect_ratio": 0.9375}, "[202, 88, 218, 105]": {"area": 220.0, "perimeter": 52.62741699796952, "aspect_ratio": 0.9411764705882353}, "[229, 89, 244, 103]": {"area": 149.0, "perimeter": 44.04163056034261, "aspect_ratio": 1.0714285714285714}, "[48, 93, 59, 104]": {"area": 93.0, "perimeter": 33.55634918610404, "aspect_ratio": 1.0}, "[516, 96, 532, 112]": {"area": 200.0, "perimeter": 50.04163056034261, "aspect_ratio": 1.0}, "[113, 99, 122, 109]": {"area": 72.0, "perimeter": 29.31370849898476, "aspect_ratio": 0.9}, "[388, 99, 405, 115]": {"area": 218.0, "perimeter": 52.62741699796952, "aspect_ratio": 1.0625}, "[420, 102, 441, 131]": {"area": 414.0, "perimeter": 79.01219330881976, "aspect_ratio": 0.7241379310344828}, "[237, 105, 268, 147]": {"area": 867.0, "perimeter": 116.8111831820431, "aspect_ratio": 0.7380952380952381}, "[275, 109, 315, 147]": {"area": 1090.0, "perimeter": 124.46803743153546, "aspect_ratio": 1.0526315789473684}, "[36, 111, 46, 121]": {"area": 77.0, "perimeter": 30.727922061357855, "aspect_ratio": 1.0}, "[464, 114, 504, 163]": {"area": 1437.0, "perimeter": 146.46803743153546, "aspect_ratio": 0.8163265306122449}, "[219, 124, 233, 141]": {"area": 201.0, "perimeter": 50.38477631085023, "aspect_ratio": 0.8235294117647058}, "[169, 129, 190, 154]": {"area": 420.0, "perimeter": 74.52691193458118, "aspect_ratio": 0.84}, "[101, 133, 161, 182]": {"area": 2210.0, "perimeter": 177.095454429505, "aspect_ratio": 1.2244897959183674}, "[41, 135, 53, 149]": {"area": 137.0, "perimeter": 40.970562748477136, "aspect_ratio": 0.8571428571428571}, "[406, 135, 439, 166]": {"area": 821.0, "perimeter": 104.66904755831213, "aspect_ratio": 1.064516129032258}, "[501, 142, 539, 189]": {"area": 1147.0, "perimeter": 135.53910524340097, "aspect_ratio": 0.8085106382978723}, "[188, 143, 217, 174]": {"area": 712.0, "perimeter": 97.25483399593904, "aspect_ratio": 0.9354838709677419}, "[534, 144, 550, 160]": {"area": 200.0, "perimeter": 50.04163056034261, "aspect_ratio": 1.0}, "[239, 157, 253, 173]": {"area": 167.0, "perimeter": 46.62741699796952, "aspect_ratio": 0.875}, "[311, 160, 325, 174]": {"area": 151.0, "perimeter": 43.21320343559643, "aspect_ratio": 1.0}, "[385, 163, 397, 176]": {"area": 135.0, "perimeter": 40.72792206135785, "aspect_ratio": 0.9230769230769231}, "[45, 165, 93, 216]": {"area": 1966.0, "perimeter": 163.53910524340094, "aspect_ratio": 0.9411764705882353}, "[446, 165, 464, 184]": {"area": 263.0, "perimeter": 57.698484809834994, "aspect_ratio": 0.9473684210526315}, "[470, 167, 489, 187]": {"area": 300.0, "perimeter": 61.698484809834994, "aspect_ratio": 0.95}, "[574, 173, 587, 189]": {"area": 158.0, "perimeter": 45.79898987322333, "aspect_ratio": 0.8125}, "[157, 174, 188, 207]": {"area": 806.0, "perimeter": 104.66904755831213, "aspect_ratio": 0.9393939393939394}, "[201, 179, 215, 195]": {"area": 160.0, "perimeter": 46.04163056034261, "aspect_ratio": 0.875}, "[247, 180, 259, 194]": {"area": 137.0, "perimeter": 41.55634918610404, "aspect_ratio": 0.8571428571428571}, "[99, 182, 120, 204]": {"area": 352.0, "perimeter": 67.94112549695427, "aspect_ratio": 0.9545454545454546}, "[221, 183, 247, 215]": {"area": 584.0, "perimeter": 91.49747468305833, "aspect_ratio": 0.8125}, "[297, 188, 321, 210]": {"area": 420.0, "perimeter": 73.35533905932738, "aspect_ratio": 1.0909090909090908}, "[425, 190, 485, 227]": {"area": 1807.0, "perimeter": 163.63961030678928, "aspect_ratio": 1.6216216216216217}, "[354, 191, 371, 208]": {"area": 238.0, "perimeter": 54.62741699796952, "aspect_ratio": 1.0}, "[29, 192, 40, 204]": {"area": 105.0, "perimeter": 35.55634918610404, "aspect_ratio": 0.9166666666666666}, "[475, 192, 530, 272]": {"area": 2521.0, "perimeter": 222.89444430272835, "aspect_ratio": 0.6875}, "[130, 197, 147, 217]": {"area": 272.0, "perimeter": 59.45584412271571, "aspect_ratio": 0.85}, "[188, 202, 204, 218]": {"area": 190.0, "perimeter": 49.4558441227157, "aspect_ratio": 1.0}, "[85, 206, 124, 259]": {"area": 1480.0, "perimeter": 151.53910524340094, "aspect_ratio": 0.7358490566037735}, "[14, 208, 34, 228]": {"area": 327.0, "perimeter": 64.2842712474619, "aspect_ratio": 1.0}, "[343, 208, 354, 220]": {"area": 115.0, "perimeter": 37.31370849898476, "aspect_ratio": 0.9166666666666666}, "[361, 210, 368, 218]": {"area": 50.0, "perimeter": 23.656854249492383, "aspect_ratio": 0.875}, "[329, 216, 338, 225]": {"area": 71.0, "perimeter": 28.48528137423857, "aspect_ratio": 1.0}, "[261, 219, 293, 247]": {"area": 706.0, "perimeter": 96.66904755831214, "aspect_ratio": 1.1428571428571428}, "[167, 222, 180, 236]": {"area": 155.0, "perimeter": 43.55634918610405, "aspect_ratio": 0.9285714285714286}, "[368, 223, 397, 255]": {"area": 687.0, "perimeter": 98.66904755831213, "aspect_ratio": 0.90625}, "[403, 229, 431, 256]": {"area": 608.0, "perimeter": 89.01219330881976, "aspect_ratio": 1.037037037037037}, "[126, 231, 152, 259]": {"area": 569.0, "perimeter": 87.01219330881976, "aspect_ratio": 0.9285714285714286}, "[308, 233, 324, 249]": {"area": 204.0, "perimeter": 50.62741699796952, "aspect_ratio": 1.0}, "[326, 236, 344, 251]": {"area": 218.0, "perimeter": 52.04163056034262, "aspect_ratio": 1.2},